Year,Origin,Value
1951,Various/Unknown,1957211
1952,Various/Unknown,1787928
1953,Various/Unknown,1679304
1954,Various/Unknown,1581628
1955,Various/Unknown,1547066
1956,Various/Unknown,1600875
1957,Various/Unknown,1582814
1958,Various/Unknown,1545310
1959,Various/Unknown,1520185
1960,Angola,150000
1960,Various/Unknown,1354664
1961,Angola,150000
1961,Ghana,5000
1961,Rwanda,147000
1961,Various/Unknown,1339867
1962,Angola,170000
1962,Ghana,5000
1962,Rwanda,147000
1962,Various/Unknown,1301322
1963,Angola,175000
1963,Ghana,5000
1963,Guinea-Bissau,6000
1963,Rwanda,154000
1963,Sudan,13000
1963,Various/Unknown,1203603
1964,Angola,200000
1964,China,1200000
1964,Dem. Rep. of the Congo,58700
1964,Ghana,5000
1964,Guinea-Bissau,30000
1964,Mozambique,10000
1964,Rwanda,166300
1964,Sudan,20300
1964,Tibetan,51000
1964,Various/Unknown,1203229
1964,Viet Nam,10000
1965,Albania,4860
1965,Angola,220000
1965,Burundi,3000
1965,China,1330000
1965,Dem. Rep. of the Congo,47000
1965,Ghana,5000
1965,Greece,17690
1965,Guinea-Bissau,50000
1965,Hungary,3270
1965,Mozambique,17000
1965,Rwanda,155900
1965,Sudan,81560
1965,Tibetan,52000
1965,Various/Unknown,1267335
1965,Viet Nam,15000
1966,Albania,4860
1966,Angola,303800
1966,China,1326810
1966,Dem. Rep. of the Congo,74800
1966,Greece,7090
1966,Guinea-Bissau,61050
1966,Hungary,3270
1966,Mozambique,20800
1966,Russian Federation,17970
1966,Rwanda,159600
1966,Sudan,115000
1966,Tibetan,52000
1966,Various/Unknown,1198553
1966,Viet Nam,17000
1967,Albania,4260
1967,Angola,356200
1967,China,74000
1967,Dem. Rep. of the Congo,78190
1967,Ethiopia,28600
1967,Greece,23420
1967,Guinea-Bissau,59520
1967,Hungary,3270
1967,Mozambique,27750
1967,Rwanda,160230
1967,Sudan,120990
1967,Tibetan,57180
1967,Various/Unknown,1161121
1967,Viet Nam,20000
1968,Albania,4120
1968,Angola,381360
1968,China,70000
1968,Dem. Rep. of the Congo,67330
1968,Ethiopia,31000
1968,Greece,21820
1968,Guinea-Bissau,56740
1968,Hungary,3270
1968,Iraq,2700
1968,Mozambique,33750
1968,Namibia,1330
1968,Nigeria,40100
1968,Rwanda,160100
1968,Sudan,175500
1968,Syria,1200
1968,Tibetan,62730
1968,Various/Unknown,1161836
1968,Viet Nam,22000
1968,Zambia,15000
1969,Albania,4290
1969,Angola,408190
1969,China,65000
1969,Cuba,14500
1969,Dem. Rep. of the Congo,54530
1969,Ethiopia,31000
1969,Greece,21590
1969,Guinea-Bissau,67800
1969,Hungary,3360
1969,Iraq,2700
1969,Mozambique,43120
1969,Nigeria,2850
1969,Rwanda,144930
1969,Sudan,170400
1969,Syria,1200
1969,Tibetan,64140
1969,Various/Unknown,1296917
1969,Viet Nam,22000
1969,Zambia,13000
1970,Albania,4310
1970,Angola,414120
1970,Bolivia (Plurinational State of),1400
1970,Chad,1900
1970,China,66000
1970,Cuba,16700
1970,Dem. Rep. of the Congo,51650
1970,Ethiopia,54350
1970,Greece,21290
1970,Guinea-Bissau,66660
1970,Hungary,3490
1970,Mozambique,60070
1970,Rwanda,142050
1970,Sudan,172960
1970,Tibetan,64560
1970,Various/Unknown,1269370
1970,Viet Nam,20000
1970,Zambia,9000
1971,Angola,419690
1971,Armenia,4070
1971,Bolivia (Plurinational State of),2930
1971,Brazil,2000
1971,Cambodia,57000
1971,Chad,1400
1971,China,70000
1971,Cuba,54500
1971,Dem. Rep. of the Congo,43470
1971,Ethiopia,55200
1971,Greece,1480
1971,Guinea-Bissau,80000
1971,Mozambique,60410
1971,Rwanda,141630
1971,Sudan,171330
1971,Tibetan,64110
1971,Various/Unknown,1217180
1972,Albania,2300
1972,Angola,421500
1972,Armenia,3500
1972,Bolivia (Plurinational State of),1730
1972,Brazil,2000
1972,Burundi,129000
1972,Cambodia,55000
1972,Chad,1500
1972,China,75000
1972,Cuba,17070
1972,Dem. Rep. of the Congo,43920
1972,Ethiopia,44640
1972,Greece,6610
1972,Guinea-Bissau,82000
1972,Mozambique,64400
1972,Myanmar,5700
1972,Namibia,1000
1972,Rwanda,153650
1972,Sudan,128450
1972,Tibetan,65680
1972,Various/Unknown,1218660
1973,Albania,2090
1973,Angola,426550
1973,Burundi,131895
1973,Cambodia,35000
1973,Chad,1500
1973,Dem. Rep. of the Congo,43380
1973,Ethiopia,46300
1973,Greece,5900
1973,Guinea-Bissau,84000
1973,Mozambique,69800
1973,Namibia,3410
1973,Rwanda,163595
1973,Sudan,13050
1973,Tibetan,66840
1973,Various/Unknown,1225145
1974,Angola,487390
1974,Bolivia (Plurinational State of),1650
1974,Burundi,120880
1974,Chile,13550
1974,Cuba,1600
1974,Dem. Rep. of the Congo,39820
1974,Ethiopia,49200
1974,Guinea-Bissau,90000
1974,Haiti,1000
1974,Mozambique,80960
1974,Namibia,3420
1974,Rwanda,178260
1974,South Africa,1380
1974,Sudan,11770
1974,Tibetan,68000
1974,Uganda,2630
1974,Uruguay,3000
1974,Various/Unknown,1199943
1974,Zambia,4000
1975,Angola,496830
1975,Burundi,141940
1975,Cambodia,18830
1975,Chile,15350
1975,Dem. Rep. of the Congo,39410
1975,Equatorial Guinea,90000
1975,Ethiopia,91410
1975,Guinea,300000
1975,Guinea-Bissau,46000
1975,Lao People's Dem. Rep.,55510
1975,Malawi,30350
1975,Mozambique,34750
1975,Namibia,3970
1975,Rwanda,175720
1975,South Africa,1360
1975,Sudan,11000
1975,Tibetan,8200
1975,Uganda,2510
1975,Various/Unknown,1171474
1975,Viet Nam,2110
1975,Western Sahara,20000
1975,Zimbabwe,14720
1976,Angola,499190
1976,Burundi,152320
1976,Cambodia,17200
1976,Chile,2670
1976,Dem. Rep. of the Congo,44070
1976,Equatorial Guinea,90000
1976,Ethiopia,105700
1976,Guinea,500000
1976,Guinea-Bissau,37000
1976,Lao People's Dem. Rep.,62720
1976,Namibia,9020
1976,Palestinian,3200
1976,Rwanda,176410
1976,South Africa,2180
1976,Sudan,10600
1976,Tibetan,8300
1976,Uganda,3250
1976,Uruguay,1160
1976,Various/Unknown,1869311
1976,Viet Nam,4000
1976,Western Sahara,35000
1976,Zimbabwe,31220
1977,Albania,2000
1977,Angola,529830
1977,Burundi,153550
1977,Cambodia,76710
1977,Chile,3000
1977,Dem. Rep. of the Congo,264940
1977,Equatorial Guinea,120000
1977,Ethiopia,655350
1977,Guinea,3000
1977,Guinea-Bissau,5000
1977,Kenya,1200
1977,Lao People's Dem. Rep.,78970
1977,Malawi,1050
1977,Namibia,12930
1977,Philippines,90000
1977,Rwanda,169780
1977,South Africa,2395
1977,Sudan,10850
1977,Tibetan,8400
1977,Uganda,8000
1977,Various/Unknown,2060364
1977,Viet Nam,9380
1977,Western Sahara,50000
1977,Zimbabwe,76520
1978,Albania,1980
1978,Angola,646110
1978,Burundi,148180
1978,Cambodia,165120
1978,Chile,3130
1978,Dem. Rep. of the Congo,151560
1978,Equatorial Guinea,90000
1978,Ethiopia,887670
1978,Guinea-Bissau,5000
1978,Indonesia,1000
1978,Lao People's Dem. Rep.,119180
1978,Myanmar,160000
1978,Namibia,35760
1978,Nicaragua,144800
1978,Philippines,92000
1978,Rwanda,175110
1978,Serbia and Kosovo (S/RES/1244 (1999)),4200
1978,South Africa,3840
1978,Sudan,10850
1978,Tibetan,8500
1978,Uganda,8820
1978,Various/Unknown,1704164
1978,Viet Nam,115010
1978,Western Sahara,50000
1978,Yemen,15000
1978,Zimbabwe,163160
1979,Afghanistan,500000
1979,Albania,1610
1979,Angola,652980
1979,Burundi,151680
1979,Cambodia,51100
1979,Chad,10000
1979,Chile,3130
1979,Cuba,3560
1979,Dem. Rep. of the Congo,70450
1979,Equatorial Guinea,40000
1979,Ethiopia,1623870
1979,Guinea-Bissau,5000
1979,Haiti,3300
1979,Indonesia,1000
1979,Iraq,31000
1979,Lao People's Dem. Rep.,128770
1979,Namibia,40580
1979,Nicaragua,16600
1979,Philippines,90000
1979,Rwanda,176540
1979,South Africa,7280
1979,Sudan,10850
1979,Tibetan,8600
1979,Uganda,88710
1979,Various/Unknown,1730902
1979,Viet Nam,395290
1979,Western Sahara,50000
1979,Yemen,15000
1979,Zambia,1000
1979,Zimbabwe,197640
1980,Afghanistan,1734921
1980,Albania,1681
1980,Angola,449030
1980,Burundi,169772
1980,Cambodia,192843
1980,Chad,221000
1980,Chile,1505
1980,Cuba,1693
1980,Dem. Rep. of the Congo,116750
1980,El Salvador,91630
1980,Equatorial Guinea,38001
1980,Ethiopia,2567998
1980,Guinea-Bissau,5002
1980,Haiti,3800
1980,Indonesia,1000
1980,Iraq,31098
1980,Lao People's Dem. Rep.,105256
1980,Namibia,55620
1980,Philippines,90000
1980,Russian Federation,10821
1980,Rwanda,286651
1980,South Africa,24250
1980,Sudan,10852
1980,Tibetan,8700
1980,Uganda,224301
1980,Various/Unknown,1424300
1980,Viet Nam,344428
1980,Western Sahara,50000
1980,Yemen,15001
1980,Zambia,1210
1981,Afghanistan,3879984
1981,Albania,1680
1981,Angola,457060
1981,Burundi,182952
1981,Cambodia,135077
1981,Chad,234260
1981,Chile,1885
1981,Cuba,2703
1981,Dem. Rep. of the Congo,118970
1981,El Salvador,304810
1981,Equatorial Guinea,18001
1981,Eritrea,1542
1981,Ethiopia,1293266
1981,Guatemala,1910
1981,Guinea-Bissau,4002
1981,Haiti,5000
1981,Iraq,66589
1981,Lao People's Dem. Rep.,89990
1981,Mozambique,5170
1981,Namibia,74520
1981,Nicaragua,2500
1981,Philippines,90000
1981,Russian Federation,11562
1981,Rwanda,277011
1981,South Africa,24900
1981,Sudan,5352
1981,Tibetan,8800
1981,Uganda,176691
1981,United Rep. of Tanzania,3001
1981,Various/Unknown,1647256
1981,Viet Nam,312548
1981,Western Sahara,165000
1981,Zambia,1200
1982,Afghanistan,4488214
1982,Albania,1645
1982,Angola,465891
1982,Argentina,1019
1982,Burundi,176272
1982,Cambodia,123398
1982,Central African Rep.,15000
1982,Chad,17010
1982,Chile,2483
1982,Dem. Rep. of the Congo,92455
1982,El Salvador,242400
1982,Equatorial Guinea,18001
1982,Eritrea,1585
1982,Ethiopia,1264915
1982,Guatemala,36490
1982,Guinea-Bissau,5002
1982,Haiti,5000
1982,Indonesia,2200
1982,Iran (Islamic Rep. of),2480
1982,Iraq,103766
1982,Lao People's Dem. Rep.,80588
1982,Lebanon,12590
1982,Mozambique,20200
1982,Namibia,75170
1982,Nicaragua,18970
1982,Palestinian,9800
1982,Philippines,90000
1982,Romania,1157
1982,Russian Federation,11569
1982,Rwanda,327951
1982,South Africa,28430
1982,Sudan,5352
1982,Tibetan,9800
1982,Uganda,271285
1982,Various/Unknown,1691178
1982,Viet Nam,325343
1982,Western Sahara,165000
1982,Zambia,1200
1983,Afghanistan,4712735
1983,Albania,1610
1983,Angola,298110
1983,Burundi,176552
1983,Cambodia,91115
1983,Chad,16744
1983,Chile,1794
1983,Dem. Rep. of the Congo,101571
1983,El Salvador,244600
1983,Eritrea,1385
1983,Ethiopia,1281917
1983,Ghana,1958
1983,Guatemala,41800
1983,Guinea-Bissau,5002
1983,Haiti,5230
1983,Indonesia,1230
1983,Iran (Islamic Rep. of),5577
1983,Iraq,103721
1983,Lao People's Dem. Rep.,85043
1983,Lebanon,27270
1983,Mozambique,50200
1983,Namibia,75112
1983,Nicaragua,23520
1983,Palestinian,9110
1983,Philippines,100000
1983,Romania,1211
1983,Russian Federation,11574
1983,Rwanda,321761
1983,South Africa,34520
1983,Sudan,31002
1983,Tibetan,10800
1983,Uganda,315346
1983,Various/Unknown,1826012
1983,Viet Nam,328399
1983,Western Sahara,165000
1983,Zambia,1200
1983,Zimbabwe,3200
1984,Afghanistan,4417651
1984,Albania,1576
1984,Angola,357821
1984,Burundi,182912
1984,Cambodia,72468
1984,Chad,181346
1984,Chile,1552
1984,Cuba,1356
1984,Dem. Rep. of the Congo,94512
1984,El Salvador,243000
1984,Eritrea,1385
1984,Ethiopia,1476134
1984,Ghana,2202
1984,Guatemala,47880
1984,Guinea-Bissau,5012
1984,Haiti,5440
1984,Indonesia,11020
1984,Iran (Islamic Rep. of),5244
1984,Iraq,101724
1984,Lao People's Dem. Rep.,86673
1984,Lebanon,30060
1984,Mozambique,51200
1984,Namibia,77552
1984,Nicaragua,35020
1984,Philippines,100000
1984,Russian Federation,11577
1984,Rwanda,357111
1984,South Africa,38560
1984,Stateless,1132
1984,Sudan,180062
1984,Tibetan,11800
1984,Turkey,1040
1984,Uganda,293991
1984,Various/Unknown,1567876
1984,Viet Nam,328095
1984,Western Sahara,165000
1984,Zimbabwe,3760
1985,Afghanistan,4653193
1985,Albania,1587
1985,Angola,317392
1985,Burundi,199812
1985,Cambodia,67518
1985,Chad,212158
1985,Chile,2181
1985,Cuba,1876
1985,Dem. Rep. of the Congo,86418
1985,El Salvador,180604
1985,Eritrea,1385
1985,Ethiopia,1749309
1985,Ghana,3195
1985,Guatemala,52890
1985,Guinea-Bissau,5352
1985,Haiti,6100
1985,Indonesia,11800
1985,Iran (Islamic Rep. of),88245
1985,Iraq,401503
1985,Lao People's Dem. Rep.,99303
1985,Lebanon,33140
1985,Mozambique,72250
1985,Namibia,76916
1985,Nicaragua,52650
1985,Palestinian,31642
1985,Philippines,90000
1985,Poland,1655
1985,Romania,2201
1985,Russian Federation,11582
1985,Rwanda,376521
1985,Somalia,1830
1985,South Africa,38110
1985,Stateless,45534
1985,Sudan,180855
1985,Syria,2599
1985,Tibetan,12800
1985,Uganda,306060
1985,Various/Unknown,1720631
1985,Viet Nam,326617
1985,Western Sahara,165000
1985,Zimbabwe,4250
1986,Afghanistan,5094283
1986,Angola,355412
1986,Burundi,210621
1986,Cambodia,54848
1986,Chad,170078
1986,Chile,2434
1986,Dem. Rep. of the Congo,96619
1986,El Salvador,171784
1986,Ethiopia,1534548
1986,Ghana,2699
1986,Guatemala,52800
1986,Guinea-Bissau,5354
1986,Haiti,5120
1986,Indonesia,11340
1986,Iran (Islamic Rep. of),87921
1986,Iraq,400745
1986,Lao People's Dem. Rep.,91214
1986,Mozambique,193550
1986,Namibia,76966
1986,Nicaragua,67550
1986,Palestinian,52704
1986,Philippines,90000
1986,Poland,1102
1986,Romania,1024
1986,Russian Federation,10226
1986,Rwanda,371911
1986,Somalia,3142
1986,South Africa,33220
1986,Stateless,42832
1986,Sudan,132759
1986,Tibetan,13800
1986,Uganda,238652
1986,Various/Unknown,1749951
1986,Viet Nam,326668
1986,Western Sahara,165000
1986,Yemen,100001
1986,Zimbabwe,3230
1987,Afghanistan,5511740
1987,Angola,391733
1987,Burundi,186911
1987,Cambodia,48589
1987,Chad,146858
1987,Chile,1906
1987,Dem. Rep. of the Congo,69428
1987,El Salvador,167604
1987,Ethiopia,1487663
1987,Ghana,3916
1987,Guatemala,53700
1987,Guinea-Bissau,5002
1987,Haiti,5080
1987,Indonesia,9680
1987,Iran (Islamic Rep. of),10992
1987,Iraq,410818
1987,Lao People's Dem. Rep.,78894
1987,Mozambique,635000
1987,Namibia,75726
1987,Nicaragua,68540
1987,Palestinian,2004
1987,Philippines,90000
1987,Poland,1475
1987,Romania,1890
1987,Russian Federation,8683
1987,Rwanda,353441
1987,Somalia,60162
1987,South Africa,26151
1987,Stateless,37032
1987,Sudan,253166
1987,Tibetan,14800
1987,Turkey,1084
1987,Uganda,111071
1987,United Rep. of Tanzania,2000
1987,Various/Unknown,1767918
1987,Viet Nam,325717
1987,Western Sahara,165000
1987,Yemen,70001
1987,Zimbabwe,3830
1988,Afghanistan,5622982
1988,Angola,407566
1988,Burundi,190154
1988,Cambodia,97758
1988,Chad,130790
1988,Cuba,3874
1988,Czech Rep.,5649
1988,Dem. Rep. of the Congo,103537
1988,El Salvador,166393
1988,Ethiopia,1513307
1988,Ghana,4769
1988,Guatemala,53753
1988,Guinea-Bissau,5001
1988,Haiti,4699
1988,Hungary,3887
1988,Indonesia,9301
1988,Iran (Islamic Rep. of),58259
1988,Iraq,508468
1988,Lao People's Dem. Rep.,135866
1988,Mozambique,921238
1988,Namibia,76591
1988,Nicaragua,86565
1988,Palestinian,5014
1988,Philippines,90000
1988,Poland,23266
1988,Romania,20247
1988,Russian Federation,33636
1988,Rwanda,327539
1988,Somalia,351993
1988,South Africa,24908
1988,Sri Lanka,3390
1988,Stateless,36578
1988,Sudan,347310
1988,Tibetan,15800
1988,Uganda,21975
1988,Various/Unknown,2240629
1988,Viet Nam,440379
1988,Western Sahara,165000
1988,Yemen,77001
1989,Afghanistan,5643989
1989,Angola,408692
1989,Burundi,191443
1989,Cambodia,75725
1989,Chad,125864
1989,Chile,1201
1989,Cuba,7682
1989,Czech Rep.,5790
1989,Dem. Rep. of the Congo,100786
1989,El Salvador,39582
1989,Ethiopia,1474919
1989,Ghana,4716
1989,Guatemala,45413
1989,Guinea-Bissau,5004
1989,Haiti,3344
1989,Hungary,4359
1989,Indonesia,7776
1989,Iran (Islamic Rep. of),52798
1989,Iraq,507986
1989,Lao People's Dem. Rep.,133496
1989,Lebanon,2197
1989,Mauritania,48238
1989,Mozambique,1120758
1989,Namibia,3704
1989,Nicaragua,97700
1989,Palestinian,8041
1989,Philippines,90000
1989,Poland,23072
1989,Romania,45978
1989,Russian Federation,68496
1989,Rwanda,319501
1989,Senegal,15006
1989,Somalia,360309
1989,South Africa,17137
1989,Sri Lanka,7692
1989,Stateless,37195
1989,Sudan,438899
1989,Suriname,6601
1989,Tibetan,16800
1989,Turkey,2764
1989,Uganda,21358
1989,Various/Unknown,2428625
1989,Viet Nam,456936
1989,Western Sahara,167190
1989,Yemen,77003
1990,Afghanistan,6339095
1990,Albania,1822
1990,Angola,407760
1990,Bulgaria,1922
1990,Burundi,191622
1990,Cambodia,54364
1990,Chad,184806
1990,Chile,14548
1990,China,1426
1990,Cuba,13523
1990,Czech Rep.,6123
1990,Dem. Rep. of the Congo,67423
1990,El Salvador,30019
1990,Ethiopia,1345928
1990,Ghana,4691
1990,Guatemala,47988
1990,Guinea-Bissau,5003
1990,Haiti,2092
1990,Hungary,5767
1990,Indonesia,7169
1990,Iran (Islamic Rep. of),75889
1990,Iraq,1133805
1990,Lao People's Dem. Rep.,135633
1990,Lebanon,6993
1990,Liberia,735689
1990,Mauritania,65999
1990,Mozambique,1247992
1990,Nicaragua,52618
1990,Palestinian,8521
1990,Poland,25632
1990,Romania,51282
1990,Russian Federation,117736
1990,Rwanda,361322
1990,Senegal,60006
1990,Serbia and Kosovo (S/RES/1244 (1999)),1745
1990,Somalia,470174
1990,South Africa,14783
1990,Sri Lanka,208271
1990,Stateless,38216
1990,Sudan,523998
1990,Suriname,6620
1990,Syria,2148
1990,Tibetan,17800
1990,Turkey,5508
1990,Uganda,58820
1990,Various/Unknown,2562932
1990,Viet Nam,496029
1990,Western Sahara,165000
1991,Afghanistan,6306301
1991,Albania,3540
1991,Angola,381636
1991,Bhutan,9504
1991,Bulgaria,2735
1991,Burundi,223946
1991,Cambodia,43168
1991,Chad,72319
1991,Chile,14007
1991,China,2011
1991,Cuba,17615
1991,Czech Rep.,4491
1991,Dem. Rep. of the Congo,65816
1991,El Salvador,33049
1991,Eritrea,500633
1991,Ethiopia,251241
1991,Ghana,4701
1991,Guatemala,52587
1991,Guinea-Bissau,5006
1991,Haiti,1858
1991,Hungary,4733
1991,Indonesia,6164
1991,Iran (Islamic Rep. of),130366
1991,Iraq,1321853
1991,Lao People's Dem. Rep.,122326
1991,Lebanon,8501
1991,Liberia,673435
1991,Mali,14704
1991,Mauritania,79881
1991,Mozambique,1316636
1991,Myanmar,40053
1991,Nicaragua,46789
1991,Palestinian,65177
1991,Poland,21643
1991,Romania,27177
1991,Russian Federation,155576
1991,Rwanda,431240
1991,Senegal,25138
1991,Serbia and Kosovo (S/RES/1244 (1999)),45823
1991,Sierra Leone,142614
1991,Somalia,732594
1991,South Africa,11206
1991,Sri Lanka,209349
1991,Stateless,38059
1991,Sudan,196242
1991,Suriname,5921
1991,Syria,3037
1991,Tibetan,18800
1991,Turkey,6452
1991,Uganda,39386
1991,Various/Unknown,2241616
1991,Viet Nam,498323
1991,Western Sahara,165000
1992,Afghanistan,4552153
1992,Albania,4353
1992,Angola,300492
1992,Armenia,195003
1992,Azerbaijan,300000
1992,Bangladesh,53921
1992,Bhutan,75442
1992,Bosnia and Herzegovina,437501
1992,Bulgaria,2981
1992,Burundi,184135
1992,Cambodia,28851
1992,Chad,66381
1992,Chile,14043
1992,China,82576
1992,Croatia,168571
1992,Cuba,21273
1992,Czech Rep.,3327
1992,Dem. Rep. of the Congo,81269
1992,El Salvador,30855
1992,Eritrea,503200
1992,Ethiopia,313129
1992,Ghana,4776
1992,Guatemala,53941
1992,Guinea-Bissau,5008
1992,Haiti,2486
1992,Hungary,3993
1992,India,1019
1992,Indonesia,6829
1992,Iran (Islamic Rep. of),128781
1992,Iraq,1343824
1992,Lao People's Dem. Rep.,96157
1992,Lebanon,10257
1992,Liberia,520915
1992,Mali,71189
1992,Mauritania,79594
1992,Mozambique,1445474
1992,Myanmar,245130
1992,Nicaragua,44275
1992,Niger,22008
1992,Pakistan,1086
1992,Palestinian,95343
1992,Poland,14518
1992,Romania,25118
1992,Russian Federation,213802
1992,Rwanda,434736
1992,Senegal,15466
1992,Serbia and Kosovo (S/RES/1244 (1999)),90081
1992,Sierra Leone,253592
1992,Somalia,797120
1992,South Africa,9241
1992,Sri Lanka,128115
1992,Stateless,34204
1992,Sudan,267767
1992,Suriname,2545
1992,Syria,4408
1992,Tajikistan,60008
1992,Tibetan,19800
1992,Turkey,10089
1992,Uganda,32456
1992,Various/Unknown,3114574
1992,Viet Nam,517111
1992,Western Sahara,165000
1992,Zambia,1990
1993,Afghanistan,3374576
1993,Albania,4744
1993,Angola,323831
1993,Armenia,200116
1993,Azerbaijan,328005
1993,Bangladesh,57158
1993,Bhutan,85334
1993,Bosnia and Herzegovina,618427
1993,Bulgaria,3155
1993,Burundi,871382
1993,Cambodia,9753
1993,Chad,212932
1993,Chile,15267
1993,China,111509
1993,Colombia,1042
1993,Croatia,151688
1993,Cuba,22406
1993,Czech Rep.,5015
1993,Dem. Rep. of the Congo,74826
1993,El Salvador,26124
1993,Eritrea,427213
1993,Ethiopia,251828
1993,Georgia,6012
1993,Ghana,4473
1993,Guatemala,50267
1993,Guinea-Bissau,5011
1993,Haiti,3866
1993,Hungary,5016
1993,India,1492
1993,Indonesia,7924
1993,Iran (Islamic Rep. of),115523
1993,Iraq,771077
1993,Lao People's Dem. Rep.,74501
1993,Lebanon,10635
1993,Liberia,704051
1993,Mali,98572
1993,Mauritania,67894
1993,Mozambique,1172550
1993,Myanmar,281574
1993,Nicaragua,33052
1993,Niger,22307
1993,Pakistan,1422
1993,Palestinian,81474
1993,Peru,1970
1993,Poland,13390
1993,Romania,23572
1993,Russian Federation,243312
1993,Rwanda,450462
1993,Senegal,22601
1993,Serbia and Kosovo (S/RES/1244 (1999)),58253
1993,Sierra Leone,311183
1993,Slovenia,28429
1993,Somalia,574617
1993,South Africa,9094
1993,Sri Lanka,91845
1993,Stateless,28591
1993,Sudan,393871
1993,Syria,5404
1993,Tajikistan,70108
1993,The former Yugoslav Republic of Macedonia,1897
1993,Tibetan,21132
1993,Togo,291060
1993,Turkey,16768
1993,Uganda,33415
1993,Various/Unknown,2239034
1993,Viet Nam,527627
1993,Western Sahara,165000
1993,Zambia,1574
1994,Afghanistan,2731169
1994,Albania,5019
1994,Algeria,20743
1994,Angola,282577
1994,Armenia,201842
1994,Azerbaijan,299095
1994,Bangladesh,56199
1994,Bhutan,103271
1994,Bosnia and Herzegovina,776084
1994,Bulgaria,4689
1994,Burundi,389706
1994,Cambodia,8538
1994,Chad,211971
1994,Chile,15474
1994,China,113907
1994,Colombia,1363
1994,Croatia,76256
1994,Cuba,23316
1994,Czech Rep.,4648
1994,Dem. Rep. of the Congo,73286
1994,Djibouti,18068
1994,El Salvador,30735
1994,Eritrea,422433
1994,Ethiopia,226436
1994,Georgia,5117
1994,Ghana,14289
1994,Guatemala,49610
1994,Guinea-Bissau,5015
1994,Haiti,9803
1994,Honduras,1214
1994,Hungary,4471
1994,India,3263
1994,Indonesia,8726
1994,Iran (Islamic Rep. of),121287
1994,Iraq,749834
1994,Kenya,8774
1994,Lao People's Dem. Rep.,54896
1994,Lebanon,15654
1994,Liberia,797835
1994,Mali,172905
1994,Mauritania,68043
1994,Mozambique,234497
1994,Myanmar,204510
1994,Nicaragua,28591
1994,Niger,22024
1994,Pakistan,4430
1994,Palestinian,82564
1994,Peru,4332
1994,Poland,35938
1994,Romania,22278
1994,Russian Federation,251393
1994,Rwanda,2257573
1994,Senegal,25622
1994,Serbia and Kosovo (S/RES/1244 (1999)),54976
1994,Sierra Leone,275302
1994,Slovenia,14829
1994,Somalia,631426
1994,South Africa,1514
1994,Sri Lanka,114456
1994,Stateless,27927
1994,Sudan,405135
1994,Syria,7087
1994,Tajikistan,57144
1994,Tibetan,21164
1994,Togo,167871
1994,Turkey,28873
1994,Uganda,31450
1994,Uzbekistan,29060
1994,Various/Unknown,1803198
1994,Viet Nam,539101
1994,Western Sahara,166493
1995,Afghanistan,2679133
1995,Albania,5803
1995,Algeria,1520
1995,Angola,246657
1995,Armenia,201442
1995,Azerbaijan,200520
1995,Bangladesh,56956
1995,Bhutan,104750
1995,Bosnia and Herzegovina,769753
1995,Bulgaria,4156
1995,Burundi,350582
1995,Cambodia,61225
1995,Cameroon,2017
1995,Chad,59727
1995,Chile,14273
1995,China,104693
1995,Colombia,1902
1995,Croatia,245572
1995,Cuba,24854
1995,Czech Rep.,2039
1995,Dem. Rep. of the Congo,89738
1995,Djibouti,18095
1995,El Salvador,23535
1995,Eritrea,286712
1995,Ethiopia,100987
1995,Ghana,13592
1995,Guatemala,42899
1995,Haiti,13925
1995,Honduras,1219
1995,Hungary,2348
1995,India,5011
1995,Indonesia,9836
1995,Iran (Islamic Rep. of),112364
1995,Iraq,718719
1995,Kenya,9327
1995,Lao People's Dem. Rep.,58193
1995,Lebanon,13515
1995,Liberia,744637
1995,Mali,77219
1995,Mauritania,84312
1995,Mozambique,125562
1995,Myanmar,152298
1995,Nicaragua,23938
1995,Niger,10291
1995,Nigeria,1939
1995,Pakistan,5277
1995,Palestinian,72768
1995,Papua New Guinea,2000
1995,Peru,5904
1995,Poland,19732
1995,Romania,16978
1995,Russian Federation,207034
1995,Rwanda,1819366
1995,Senegal,17592
1995,Serbia and Kosovo (S/RES/1244 (1999)),86120
1995,Sierra Leone,379495
1995,Slovenia,12860
1995,Somalia,638698
1995,Sri Lanka,107589
1995,Stateless,26139
1995,Sudan,445280
1995,Syria,7994
1995,Tajikistan,58956
1995,The former Yugoslav Republic of Macedonia,12883
1995,Tibetan,20035
1995,Togo,93155
1995,Turkey,44866
1995,Uganda,24166
1995,Ukraine,1701
1995,Various/Unknown,2166469
1995,Viet Nam,543541
1995,Western Sahara,165000
1996,Afghanistan,2674236
1996,Albania,5785
1996,Algeria,2247
1996,Angola,249687
1996,Armenia,203231
1996,Azerbaijan,236086
1996,Bangladesh,57959
1996,Bhutan,106822
1996,Bosnia and Herzegovina,993868
1996,Bulgaria,3246
1996,Burundi,428680
1996,Cambodia,62244
1996,Cameroon,2109
1996,Chad,58445
1996,Chile,12805
1996,China,105810
1996,Colombia,2168
1996,Croatia,310088
1996,Cuba,25462
1996,Dem. Rep. of the Congo,158794
1996,Djibouti,18101
1996,Egypt,1202
1996,El Salvador,19639
1996,Eritrea,332225
1996,Estonia,1310
1996,Ethiopia,96270
1996,Georgia,48489
1996,Ghana,15095
1996,Guatemala,40342
1996,Haiti,15118
1996,Honduras,1259
1996,Hungary,3083
1996,India,7550
1996,Indonesia,11365
1996,Iran (Islamic Rep. of),104129
1996,Iraq,714730
1996,Israel,1126
1996,Kazakhstan,40163
1996,Kenya,9390
1996,Kyrgyzstan,17118
1996,Lao People's Dem. Rep.,46909
1996,Latvia,1958
1996,Lebanon,10890
1996,Liberia,784008
1996,Mali,55198
1996,Mauritania,83234
1996,Mozambique,34657
1996,Myanmar,143017
1996,Nicaragua,22820
1996,Niger,10361
1996,Nigeria,4754
1996,Pakistan,7502
1996,Palestinian,80215
1996,Papua New Guinea,2008
1996,Peru,6696
1996,Poland,12869
1996,Rep. of Moldova,5829
1996,Romania,11871
1996,Russian Federation,173723
1996,Rwanda,469136
1996,Senegal,17631
1996,Serbia and Kosovo (S/RES/1244 (1999)),103967
1996,Sierra Leone,375104
1996,Slovenia,3368
1996,Somalia,636985
1996,Sri Lanka,109578
1996,Stateless,23692
1996,Sudan,475305
1996,Syria,8609
1996,Tajikistan,107503
1996,The former Yugoslav Republic of Macedonia,13041
1996,Tibetan,20037
1996,Togo,25593
1996,Turkey,50354
1996,Turkmenistan,2937
1996,Uganda,28339
1996,Ukraine,6107
1996,Uzbekistan,69747
1996,Various/Unknown,1412810
1996,Viet Nam,518340
1996,Western Sahara,166328
1996,Yemen,1154
1997,Afghanistan,2676674
1997,Albania,5379
1997,Algeria,3418
1997,Angola,267696
1997,Armenia,203690
1997,Azerbaijan,234950
1997,Bangladesh,44373
1997,Bhutan,108703
1997,Bosnia and Herzegovina,849241
1997,Bulgaria,3048
1997,Burundi,519123
1997,Cambodia,103246
1997,Cameroon,2258
1997,Chad,55025
1997,Chile,9776
1997,China,106738
1997,Colombia,2377
1997,Congo,21147
1997,Croatia,349307
1997,Cuba,24913
1997,Dem. Rep. of the Congo,173995
1997,Djibouti,8142
1997,Egypt,1722
1997,El Salvador,17126
1997,Eritrea,319077
1997,Estonia,1266
1997,Ethiopia,84401
1997,Georgia,47164
1997,Ghana,14775
1997,Guatemala,37508
1997,Haiti,15481
1997,Honduras,1246
1997,Hungary,2669
1997,India,8924
1997,Indonesia,8799
1997,Iran (Islamic Rep. of),93993
1997,Iraq,707338
1997,Kazakhstan,40774
1997,Kenya,9570
1997,Kyrgyzstan,16320
1997,Lao People's Dem. Rep.,37367
1997,Latvia,1915
1997,Lebanon,10235
1997,Liberia,493340
1997,Mali,18015
1997,Mauritania,70294
1997,Mozambique,33652
1997,Myanmar,135772
1997,Nicaragua,22494
1997,Niger,2788
1997,Nigeria,3059
1997,Pakistan,5985
1997,Palestinian,76821
1997,Peru,6610
1997,Poland,7294
1997,Rep. of Moldova,5141
1997,Romania,8951
1997,Russian Federation,198063
1997,Rwanda,68003
1997,Senegal,17163
1997,Serbia and Kosovo (S/RES/1244 (1999)),106654
1997,Sierra Leone,329327
1997,Slovenia,3414
1997,Somalia,608094
1997,Sri Lanka,122287
1997,Stateless,23334
1997,Sudan,364589
1997,Syria,8653
1997,Tajikistan,75878
1997,The former Yugoslav Republic of Macedonia,12747
1997,Tibetan,20506
1997,Togo,7187
1997,Turkey,47341
1997,Turkmenistan,3181
1997,Uganda,55241
1997,Ukraine,6348
1997,Uzbekistan,69069
1997,Various/Unknown,1065784
1997,Viet Nam,476795
1997,Western Sahara,166099
1997,Yemen,1721
1998,Afghanistan,2667115
1998,Albania,5353
1998,Algeria,5727
1998,Angola,319430
1998,Armenia,193150
1998,Azerbaijan,329657
1998,Bangladesh,4658
1998,Bhutan,105689
1998,Bosnia and Herzegovina,640075
1998,Bulgaria,3122
1998,Burundi,502568
1998,Cambodia,76576
1998,Cameroon,1348
1998,Chad,61298
1998,Chile,7011
1998,China,109402
1998,Colombia,3538
1998,Congo,17143
1998,Croatia,338089
1998,Cuba,23559
1998,Czech Rep.,1934
1998,Dem. Rep. of the Congo,158833
1998,Djibouti,3219
1998,Egypt,2612
1998,El Salvador,12591
1998,Eritrea,346781
1998,Ethiopia,70680
1998,Georgia,35669
1998,Ghana,13633
1998,Guatemala,32747
1998,Guinea-Bissau,8887
1998,Haiti,13538
1998,Honduras,1101
1998,Hungary,1242
1998,India,9663
1998,Indonesia,9053
1998,Iran (Islamic Rep. of),89979
1998,Iraq,675030
1998,Kazakhstan,20459
1998,Kenya,6046
1998,Kyrgyzstan,7449
1998,Lao People's Dem. Rep.,29017
1998,Latvia,1013
1998,Lebanon,9786
1998,Liberia,365398
1998,Mali,3702
1998,Mauritania,70224
1998,Mexico,1016
1998,Myanmar,133407
1998,Namibia,1902
1998,Nicaragua,21389
1998,Nigeria,3999
1998,Pakistan,6864
1998,Palestinian,77524
1998,Peru,7066
1998,Philippines,45598
1998,Poland,1880
1998,Rep. of Moldova,2754
1998,Romania,10921
1998,Russian Federation,172730
1998,Rwanda,77743
1998,Senegal,9716
1998,Serbia and Kosovo (S/RES/1244 (1999)),115292
1998,Sierra Leone,406077
1998,Slovenia,3302
1998,Somalia,557959
1998,Sri Lanka,114976
1998,Stateless,7114
1998,Sudan,390013
1998,Syria,8126
1998,Tajikistan,56349
1998,The former Yugoslav Republic of Macedonia,1939
1998,Tibetan,21229
1998,Togo,3506
1998,Turkey,45019
1998,Turkmenistan,1562
1998,Uganda,13301
1998,Ukraine,4596
1998,Uzbekistan,51729
1998,Various/Unknown,1070617
1998,Viet Nam,435437
1998,Western Sahara,165967
1998,Yemen,1935
1999,Afghanistan,2601691
1999,Albania,6288
1999,Algeria,7151
1999,Angola,353478
1999,Armenia,193231
1999,Azerbaijan,311131
1999,Bangladesh,4468
1999,Belarus,1507
1999,Bhutan,107619
1999,Bosnia and Herzegovina,598193
1999,Bulgaria,2653
1999,Burundi,527449
1999,Cambodia,38320
1999,Cameroon,1654
1999,Chad,58797
1999,Chile,1543
1999,China,111952
1999,Colombia,4413
1999,Congo,27302
1999,Croatia,353725
1999,Cuba,23328
1999,Czech Rep.,1243
1999,Dem. Rep. of the Congo,255950
1999,Djibouti,1879
1999,Egypt,3491
1999,El Salvador,12410
1999,Eritrea,347138
1999,Ethiopia,71055
1999,Georgia,29878
1999,Germany,1298
1999,Ghana,13293
1999,Guatemala,28082
1999,Guinea,1151
1999,Guinea-Bissau,3185
1999,Haiti,8766
1999,Honduras,1070
1999,India,9845
1999,Indonesia,9020
1999,Iran (Islamic Rep. of),86855
1999,Iraq,642886
1999,Kazakhstan,9057
1999,Kenya,6138
1999,Kyrgyzstan,4003
1999,Lao People's Dem. Rep.,21396
1999,Lebanon,7685
1999,Liberia,294694
1999,Mauritania,29948
1999,Mexico,1359
1999,Myanmar,131663
1999,Nicaragua,20573
1999,Nigeria,4441
1999,Pakistan,8015
1999,Palestinian,100602
1999,Peru,7206
1999,Philippines,45520
1999,Poland,1245
1999,Rep. of Moldova,2407
1999,Romania,8558
1999,Russian Federation,28314
1999,Rwanda,88944
1999,Senegal,11606
1999,Serbia and Kosovo (S/RES/1244 (1999)),172509
1999,Sierra Leone,490061
1999,Slovenia,3295
1999,Somalia,524613
1999,Sri Lanka,116709
1999,Stateless,11814
1999,Sudan,485460
1999,Syria,6695
1999,Tajikistan,45167
1999,The former Yugoslav Republic of Macedonia,2089
1999,Tibetan,21040
1999,Timor-Leste,162472
1999,Togo,3692
1999,Tunisia,1240
1999,Turkey,44012
1999,Turkmenistan,1051
1999,Uganda,13937
1999,Ukraine,12236
1999,Uzbekistan,45533
1999,Various/Unknown,1236830
1999,Viet Nam,405377
1999,Western Sahara,165868
1999,Yemen,2022
2000,Afghanistan,3587336
2000,Albania,6802
2000,Algeria,8034
2000,Angola,433760
2000,Armenia,5786
2000,Azerbaijan,284277
2000,Bangladesh,5401
2000,Belarus,2519
2000,Bhutan,108945
2000,Bosnia and Herzegovina,504981
2000,Bulgaria,2404
2000,Burundi,568084
2000,Cambodia,36855
2000,Cameroon,2062
2000,Chad,54962
2000,China,110975
2000,Colombia,9279
2000,Congo,27579
2000,Croatia,335199
2000,Cuba,20084
2000,Dem. Rep. of the Congo,371713
2000,Djibouti,1910
2000,Egypt,3953
2000,El Salvador,7756
2000,Eritrea,376851
2000,Ethiopia,66410
2000,Georgia,21821
2000,Germany,1183
2000,Ghana,14775
2000,Guatemala,20711
2000,Guinea,1497
2000,Haiti,7561
2000,India,11399
2000,Indonesia,9149
2000,Iran (Islamic Rep. of),88278
2000,Iraq,526179
2000,Kazakhstan,2537
2000,Kenya,2373
2000,Lao People's Dem. Rep.,16094
2000,Lebanon,10215
2000,Liberia,266930
2000,Mauritania,29752
2000,Mexico,1291
2000,Myanmar,137128
2000,Namibia,2308
2000,Nicaragua,5071
2000,Nigeria,5742
2000,Pakistan,10133
2000,Palestinian,110640
2000,Peru,6944
2000,Philippines,45482
2000,Rep. of Moldova,2657
2000,Romania,7348
2000,Russian Federation,40310
2000,Rwanda,119056
2000,Senegal,11088
2000,Serbia and Kosovo (S/RES/1244 (1999)),146748
2000,Sierra Leone,402807
2000,Slovenia,3284
2000,Somalia,475655
2000,Sri Lanka,124160
2000,Stateless,6434
2000,Sudan,494363
2000,Syria,5871
2000,Tajikistan,59940
2000,The former Yugoslav Republic of Macedonia,2176
2000,Tibetan,20968
2000,Timor-Leste,122202
2000,Togo,4016
2000,Tunisia,1207
2000,Turkey,47155
2000,Uganda,32414
2000,Ukraine,19312
2000,Uzbekistan,3628
2000,Various/Unknown,1119372
2000,Viet Nam,370758
2000,Western Sahara,165810
2000,Yemen,2113
2001,Afghanistan,3809767
2001,Albania,7626
2001,Algeria,8418
2001,Angola,470625
2001,Armenia,7207
2001,Azerbaijan,268759
2001,Bangladesh,5548
2001,Belarus,3696
2001,Bhutan,110845
2001,Bosnia and Herzegovina,447321
2001,Bulgaria,2121
2001,Burundi,553999
2001,Cambodia,34759
2001,Cameroon,2724
2001,Central African Rep.,28704
2001,Chad,46294
2001,China,117409
2001,Colombia,17938
2001,Congo,24237
2001,Croatia,290279
2001,Cuba,18959
2001,Czech Rep.,1179
2001,Dem. Rep. of the Congo,392146
2001,Egypt,4678
2001,El Salvador,7150
2001,Eritrea,333229
2001,Ethiopia,58997
2001,Georgia,17498
2001,Germany,1033
2001,Ghana,14556
2001,Guatemala,16867
2001,Guinea,2019
2001,Haiti,7248
2001,India,11571
2001,Indonesia,8970
2001,Iran (Islamic Rep. of),92491
2001,Iraq,530511
2001,Kazakhstan,2803
2001,Kenya,2559
2001,Lao People's Dem. Rep.,12631
2001,Lebanon,8763
2001,Liberia,244608
2001,Mauritania,29862
2001,Mexico,1594
2001,Myanmar,145856
2001,Namibia,2297
2001,Nicaragua,4399
2001,Nigeria,6084
2001,Pakistan,12324
2001,Palestinian,349161
2001,Peru,6502
2001,Philippines,45467
2001,Poland,3191
2001,Rep. of Moldova,3737
2001,Romania,6052
2001,Russian Federation,45156
2001,Rwanda,84513
2001,Senegal,8559
2001,Serbia and Kosovo (S/RES/1244 (1999)),144231
2001,Sierra Leone,179113
2001,Somalia,440134
2001,Sri Lanka,122420
2001,Stateless,7161
2001,Sudan,489950
2001,Syria,4869
2001,Tajikistan,56108
2001,The former Yugoslav Republic of Macedonia,12197
2001,Tibetan,20720
2001,Timor-Leste,73042
2001,Togo,4354
2001,Tunisia,1368
2001,Turkey,47090
2001,Uganda,40141
2001,Ukraine,26716
2001,Uzbekistan,3458
2001,Various/Unknown,1099539
2001,Viet Nam,353224
2001,Western Sahara,165910
2001,Yemen,1985
2002,Afghanistan,2510294
2002,Albania,10761
2002,Algeria,12107
2002,Angola,435421
2002,Armenia,13249
2002,Azerbaijan,260214
2002,Bangladesh,5808
2002,Belarus,6364
2002,Bhutan,112523
2002,Bosnia and Herzegovina,406448
2002,Bulgaria,2841
2002,Burundi,574557
2002,Cambodia,33456
2002,Cameroon,5225
2002,Central African Rep.,25376
2002,Chad,47349
2002,Chile,1709
2002,China,132115
2002,Colombia,30625
2002,Congo,28002
2002,Croatia,274818
2002,Cuba,18043
2002,Czech Rep.,6984
2002,Côte d'Ivoire,23741
2002,Dem. Rep. of the Congo,421362
2002,Egypt,6443
2002,El Salvador,6632
2002,Eritrea,318176
2002,Estonia,1060
2002,Ethiopia,61240
2002,Fiji,1072
2002,Georgia,16975
2002,Ghana,15686
2002,Guatemala,13888
2002,Guinea,3418
2002,Haiti,7718
2002,Hungary,3517
2002,India,14349
2002,Indonesia,9906
2002,Iran (Islamic Rep. of),138364
2002,Iraq,422512
2002,Jordan,1287
2002,Kazakhstan,6315
2002,Kenya,3098
2002,Kyrgyzstan,2950
2002,Lao People's Dem. Rep.,11235
2002,Latvia,3082
2002,Lebanon,26320
2002,Liberia,275422
2002,Libya,1456
2002,Lithuania,1371
2002,Mauritania,30137
2002,Mexico,1670
2002,Morocco,1269
2002,Myanmar,148501
2002,Namibia,1302
2002,Nicaragua,4050
2002,Nigeria,24572
2002,Pakistan,23163
2002,Palestinian,428782
2002,Peru,6430
2002,Philippines,45608
2002,Poland,16712
2002,Rep. of Moldova,10130
2002,Romania,8847
2002,Russian Federation,91626
2002,Rwanda,75257
2002,Senegal,12069
2002,Serbia and Kosovo (S/RES/1244 (1999)),327587
2002,Sierra Leone,141475
2002,Somalia,432316
2002,Sri Lanka,133239
2002,Stateless,14476
2002,Sudan,508877
2002,Syria,18913
2002,Tajikistan,63267
2002,The former Yugoslav Republic of Macedonia,8107
2002,Tibetan,20631
2002,Timor-Leste,28097
2002,Togo,10448
2002,Tunisia,2543
2002,Turkey,193704
2002,Uganda,40425
2002,Ukraine,85265
2002,Uzbekistan,6881
2002,Various/Unknown,289766
2002,Viet Nam,373741
2002,Western Sahara,165884
2002,Yemen,1600
2002,Zimbabwe,4030
2003,Afghanistan,2136043
2003,Albania,10385
2003,Algeria,11667
2003,Angola,329583
2003,Armenia,13162
2003,Azerbaijan,253255
2003,Bangladesh,5565
2003,Belarus,7815
2003,Bhutan,103978
2003,Bosnia and Herzegovina,300006
2003,Bulgaria,2567
2003,Burundi,531637
2003,Cambodia,31407
2003,Cameroon,6206
2003,Central African Rep.,35400
2003,Chad,52275
2003,Chile,1555
2003,China,132406
2003,Colombia,37995
2003,Congo,28958
2003,Croatia,230189
2003,Cuba,16093
2003,Czech Rep.,6702
2003,Côte d'Ivoire,33637
2003,Dem. Rep. of the Congo,453465
2003,Egypt,5735
2003,El Salvador,5658
2003,Eritrea,124121
2003,Estonia,1027
2003,Ethiopia,62677
2003,Fiji,1087
2003,Georgia,12497
2003,Ghana,15879
2003,Guatemala,6696
2003,Guinea,3871
2003,Haiti,7547
2003,Hungary,3395
2003,India,13706
2003,Indonesia,16240
2003,Iran (Islamic Rep. of),122530
2003,Iraq,368580
2003,Jordan,1162
2003,Kazakhstan,6559
2003,Kenya,3163
2003,Kyrgyzstan,3141
2003,Lao People's Dem. Rep.,10363
2003,Latvia,3177
2003,Lebanon,24932
2003,Liberia,353344
2003,Libya,1570
2003,Lithuania,1541
2003,Mauritania,30525
2003,Mexico,1652
2003,Morocco,1291
2003,Myanmar,151384
2003,Namibia,1293
2003,Nepal,1231
2003,Nicaragua,3983
2003,Nigeria,24428
2003,Pakistan,24389
2003,Palestinian,350568
2003,Peru,5581
2003,Poland,15211
2003,Rep. of Moldova,11146
2003,Romania,8387
2003,Russian Federation,96420
2003,Rwanda,75263
2003,Senegal,8351
2003,Serbia and Kosovo (S/RES/1244 (1999)),296632
2003,Sierra Leone,70580
2003,Somalia,402336
2003,Sri Lanka,122010
2003,Stateless,13861
2003,Sudan,606242
2003,Syria,20819
2003,Tajikistan,58936
2003,The former Yugoslav Republic of Macedonia,5982
2003,Tibetan,20039
2003,Togo,10614
2003,Tunisia,2563
2003,Turkey,185098
2003,Uganda,35247
2003,Ukraine,94148
2003,Uzbekistan,7391
2003,Various/Unknown,320108
2003,Viet Nam,363179
2003,Western Sahara,165729
2003,Yemen,1597
2003,Zimbabwe,7162
2004,Afghanistan,2414468
2004,Albania,10478
2004,Algeria,10673
2004,Angola,228851
2004,Armenia,13410
2004,Azerbaijan,250589
2004,Bangladesh,5731
2004,Belarus,8231
2004,Bhutan,105255
2004,Bosnia and Herzegovina,228807
2004,Bulgaria,2231
2004,Burundi,485767
2004,Cambodia,18115
2004,Cameroon,7627
2004,Central African Rep.,31067
2004,Chad,52655
2004,Chile,1194
2004,China,134722
2004,Colombia,47381
2004,Congo,28144
2004,Croatia,215477
2004,Cuba,15675
2004,Czech Rep.,4528
2004,Côte d'Ivoire,23660
2004,Dem. Rep. of the Congo,462191
2004,Egypt,5371
2004,El Salvador,4497
2004,Eritrea,131123
2004,Ethiopia,63150
2004,Fiji,1281
2004,Georgia,6626
2004,Ghana,14772
2004,Guatemala,4376
2004,Guinea,4782
2004,Guinea-Bissau,1018
2004,Haiti,9208
2004,Hungary,2749
2004,India,13344
2004,Indonesia,27919
2004,Iran (Islamic Rep. of),115171
2004,Iraq,311890
2004,Jordan,1170
2004,Kazakhstan,6121
2004,Kenya,3847
2004,Kyrgyzstan,3284
2004,Lao People's Dem. Rep.,16114
2004,Latvia,2826
2004,Lebanon,19865
2004,Liberia,335470
2004,Libya,1713
2004,Lithuania,1476
2004,Mauritania,31112
2004,Mexico,1744
2004,Morocco,1318
2004,Myanmar,161013
2004,Namibia,1314
2004,Nepal,1416
2004,Nicaragua,1821
2004,Nigeria,23890
2004,Pakistan,25952
2004,Palestinian,349831
2004,Peru,4769
2004,Poland,10680
2004,Rep. of Moldova,11938
2004,Romania,6045
2004,Russian Federation,108100
2004,Rwanda,63804
2004,Senegal,8332
2004,Serbia and Kosovo (S/RES/1244 (1999)),237023
2004,Sierra Leone,41801
2004,Somalia,389300
2004,Sri Lanka,114053
2004,Stateless,13889
2004,Sudan,730641
2004,Syria,21434
2004,Tajikistan,56775
2004,The former Yugoslav Republic of Macedonia,5104
2004,Tibetan,20040
2004,Togo,10818
2004,Tunisia,2516
2004,Turkey,174578
2004,Uganda,31963
2004,Ukraine,89587
2004,Uzbekistan,7290
2004,Various/Unknown,351199
2004,Venezuela (Bolivarian Republic of),1256
2004,Viet Nam,349803
2004,Western Sahara,165731
2004,Yemen,1606
2004,Zimbabwe,9568
2005,Afghanistan,2166149
2005,Albania,12722
2005,Algeria,12041
2005,Angola,215827
2005,Armenia,13965
2005,Azerbaijan,233675
2005,Bangladesh,7304
2005,Belarus,8857
2005,Bhutan,106537
2005,Bosnia and Herzegovina,109930
2005,Bulgaria,4254
2005,Burundi,438706
2005,Cambodia,17806
2005,Cameroon,9101
2005,Central African Rep.,42890
2005,Chad,48400
2005,China,124101
2005,Colombia,60450
2005,Congo,24438
2005,Croatia,119148
2005,Cuba,19000
2005,Czech Rep.,3589
2005,Côte d'Ivoire,18338
2005,Dem. Rep. of the Congo,430929
2005,Egypt,6291
2005,El Salvador,4281
2005,Eritrea,144066
2005,Ethiopia,65461
2005,Fiji,1379
2005,Gambia,1683
2005,Georgia,7301
2005,Ghana,18433
2005,Guatemala,3379
2005,Guinea,5820
2005,Guinea-Bissau,1050
2005,Haiti,13542
2005,Hungary,3519
2005,India,16285
2005,Indonesia,34384
2005,Iran (Islamic Rep. of),99428
2005,Iraq,262299
2005,Jordan,1789
2005,Kazakhstan,4316
2005,Kenya,4640
2005,Kyrgyzstan,3122
2005,Lao People's Dem. Rep.,24442
2005,Latvia,2430
2005,Lebanon,18323
2005,Liberia,231139
2005,Libya,1575
2005,Lithuania,1448
2005,Mauritania,31651
2005,Mexico,2313
2005,Morocco,2920
2005,Myanmar,164864
2005,Namibia,1226
2005,Nepal,2065
2005,Nicaragua,1463
2005,Nigeria,22128
2005,Pakistan,29913
2005,Palestinian,349673
2005,Peru,4865
2005,Poland,19641
2005,Rep. of Moldova,12064
2005,Romania,11502
2005,Russian Federation,103037
2005,Rwanda,100264
2005,Senegal,8671
2005,Serbia and Kosovo (S/RES/1244 (1999)),189989
2005,Sierra Leone,40477
2005,Somalia,395553
2005,Sri Lanka,108139
2005,Stateless,12287
2005,Sudan,693632
2005,Syria,16401
2005,Tajikistan,54753
2005,The former Yugoslav Republic of Macedonia,8600
2005,Tibetan,20198
2005,Togo,51107
2005,Tunisia,3129
2005,Turkey,170567
2005,Uganda,34225
2005,Ukraine,84228
2005,United Rep. of Tanzania,1549
2005,Uzbekistan,8323
2005,Various/Unknown,187215
2005,Venezuela (Bolivarian Republic of),2590
2005,Viet Nam,358268
2005,Western Sahara,90652
2005,Yemen,1325
2005,Zimbabwe,11251
2006,Afghanistan,2107519
2006,Albania,14079
2006,Algeria,8353
2006,Angola,206501
2006,Armenia,14917
2006,Azerbaijan,126068
2006,Bangladesh,7803
2006,Belarus,9371
2006,Bhutan,108073
2006,Bosnia and Herzegovina,199946
2006,Bulgaria,3438
2006,Burundi,396541
2006,Cambodia,17965
2006,Cameroon,10385
2006,Central African Rep.,71685
2006,Chad,36300
2006,China,140598
2006,Colombia,72796
2006,Congo,20608
2006,Croatia,93767
2006,Cuba,33580
2006,Czech Rep.,2138
2006,Côte d'Ivoire,26315
2006,Dem. Rep. of the Congo,401914
2006,Egypt,7613
2006,El Salvador,6388
2006,Eritrea,193745
2006,Ethiopia,74026
2006,Fiji,1686
2006,Gambia,1254
2006,Georgia,6340
2006,Ghana,9960
2006,Guatemala,6496
2006,Guinea,6840
2006,Guinea-Bissau,1003
2006,Haiti,20837
2006,Honduras,1035
2006,Hungary,3119
2006,India,17811
2006,Indonesia,34728
2006,Iran (Islamic Rep. of),102483
2006,Iraq,1450905
2006,Jordan,1603
2006,Kazakhstan,7377
2006,Kenya,5357
2006,Kyrgyzstan,2488
2006,Lao People's Dem. Rep.,26447
2006,Latvia,1424
2006,Lebanon,12252
2006,Liberia,160548
2006,Libya,1573
2006,Mauritania,33428
2006,Mexico,3304
2006,Morocco,4710
2006,Myanmar,202826
2006,Namibia,1202
2006,Nepal,2647
2006,Nicaragua,1828
2006,Nigeria,13253
2006,Pakistan,25639
2006,Palestinian,334142
2006,Peru,6986
2006,Poland,13513
2006,Rep. of Korea,1334
2006,Rep. of Moldova,11680
2006,Romania,7234
2006,Russian Federation,159382
2006,Rwanda,92966
2006,Senegal,15163
2006,Serbia and Kosovo (S/RES/1244 (1999)),174027
2006,Sierra Leone,42862
2006,Slovenia,1760
2006,Somalia,464037
2006,Spain,2444
2006,Sri Lanka,116966
2006,Stateless,11260
2006,Sudan,686311
2006,Syria,12338
2006,Thailand,3325
2006,The former Yugoslav Republic of Macedonia,7940
2006,Tibetan,20184
2006,Togo,27332
2006,Tunisia,2844
2006,Turkey,227232
2006,Uganda,21751
2006,Ukraine,63723
2006,United Rep. of Tanzania,1668
2006,United States of America,1356
2006,Uzbekistan,9101
2006,Various/Unknown,246951
2006,Venezuela (Bolivarian Republic of),3828
2006,Viet Nam,374279
2006,Western Sahara,90614
2006,Yemen,1362
2006,Zimbabwe,12781
2007,Afghanistan,3057661
2007,Albania,15340
2007,Algeria,10615
2007,Angola,186155
2007,Argentina,1171
2007,Armenia,15436
2007,Azerbaijan,15916
2007,Bangladesh,10243
2007,Belarus,4970
2007,Bhutan,110598
2007,Bosnia and Herzegovina,78273
2007,Brazil,1624
2007,Bulgaria,3311
2007,Burundi,375727
2007,Cambodia,17704
2007,Cameroon,11508
2007,Central African Rep.,98104
2007,Chad,55722
2007,China,149095
2007,Colombia,551744
2007,Congo,19735
2007,Croatia,100423
2007,Cuba,7503
2007,Czech Rep.,1384
2007,Côte d'Ivoire,22232
2007,Dem. Rep. of the Congo,370374
2007,Ecuador,1332
2007,Egypt,6799
2007,El Salvador,6022
2007,Eritrea,208748
2007,Ethiopia,59858
2007,Fiji,1828
2007,Gambia,1267
2007,Georgia,11810
2007,Ghana,5063
2007,Guatemala,6161
2007,Guinea,8278
2007,Guinea-Bissau,1028
2007,Haiti,22280
2007,Honduras,1236
2007,Hungary,3386
2007,India,20466
2007,Indonesia,20558
2007,Iran (Islamic Rep. of),68397
2007,Iraq,2309245
2007,Israel,1541
2007,Jordan,1787
2007,Kazakhstan,5235
2007,Kenya,7546
2007,Kyrgyzstan,2254
2007,Lao People's Dem. Rep.,10013
2007,Lebanon,13094
2007,Liberia,91540
2007,Libya,1954
2007,Mali,4494
2007,Mauritania,33108
2007,Mexico,5572
2007,Mongolia,1101
2007,Morocco,4039
2007,Myanmar,191313
2007,Namibia,1128
2007,Nepal,3364
2007,Nicaragua,1900
2007,Nigeria,13904
2007,Pakistan,31858
2007,Palestinian,341237
2007,Peru,7743
2007,Philippines,1552
2007,Poland,2915
2007,Rep. of Korea,1188
2007,Rep. of Moldova,4918
2007,Romania,5306
2007,Russian Federation,93224
2007,Rwanda,80964
2007,Senegal,15896
2007,Serbia and Kosovo (S/RES/1244 (1999)),165643
2007,Sierra Leone,32127
2007,Somalia,457356
2007,Sri Lanka,134952
2007,Stateless,13170
2007,Sudan,523032
2007,Syria,13690
2007,Thailand,2325
2007,The former Yugoslav Republic of Macedonia,8077
2007,Tibetan,20170
2007,Togo,22502
2007,Tunisia,2507
2007,Turkey,221939
2007,Uganda,21341
2007,Ukraine,25985
2007,United Rep. of Tanzania,1255
2007,United States of America,2174
2007,Uzbekistan,5663
2007,Various/Unknown,194062
2007,Venezuela (Bolivarian Republic of),5094
2007,Viet Nam,327776
2007,Western Sahara,116594
2007,Yemen,1632
2007,Zimbabwe,14374
2008,Afghanistan,2833128
2008,Albania,15006
2008,Algeria,9060
2008,Angola,171393
2008,Argentina,1047
2008,Armenia,16336
2008,Azerbaijan,16319
2008,Bangladesh,10098
2008,Belarus,5384
2008,Bhutan,104965
2008,Bosnia and Herzegovina,74366
2008,Brazil,1404
2008,Bulgaria,3040
2008,Burundi,281592
2008,Cambodia,17253
2008,Cameroon,13870
2008,Central African Rep.,125106
2008,Chad,55105
2008,China,175180
2008,Colombia,373532
2008,Congo,19925
2008,Croatia,97012
2008,Cuba,7938
2008,Czech Rep.,1358
2008,Côte d'Ivoire,22227
2008,Dem. Rep. of the Congo,367995
2008,Ecuador,1066
2008,Egypt,6780
2008,El Salvador,5151
2008,Eritrea,186398
2008,Ethiopia,63878
2008,Fiji,1868
2008,Gambia,1352
2008,Georgia,12598
2008,Ghana,13242
2008,Guatemala,5934
2008,Guinea,9495
2008,Guinea-Bissau,1065
2008,Haiti,23066
2008,Honduras,1116
2008,Hungary,1614
2008,India,19569
2008,Indonesia,19345
2008,Iran (Islamic Rep. of),69061
2008,Iraq,1903519
2008,Israel,1494
2008,Jordan,1890
2008,Kazakhstan,4825
2008,Kenya,9688
2008,Kyrgyzstan,2517
2008,Lao People's Dem. Rep.,8598
2008,Lebanon,12967
2008,Liberia,75213
2008,Libya,2084
2008,Mali,1758
2008,Mauritania,45601
2008,Mexico,6162
2008,Mongolia,1333
2008,Montenegro,1283
2008,Morocco,3533
2008,Myanmar,184413
2008,Nepal,4189
2008,Nicaragua,1537
2008,Nigeria,14169
2008,Pakistan,32403
2008,Palestinian,340016
2008,Peru,7339
2008,Philippines,1354
2008,Poland,2391
2008,Rep. of Korea,1104
2008,Rep. of Moldova,5555
2008,Romania,4756
2008,Russian Federation,103061
2008,Rwanda,72530
2008,Senegal,16006
2008,Serbia and Kosovo (S/RES/1244 (1999)),185935
2008,Sierra Leone,32536
2008,Somalia,561155
2008,Sri Lanka,137752
2008,Stateless,14173
2008,Sudan,419248
2008,Syria,15211
2008,Thailand,1815
2008,The former Yugoslav Republic of Macedonia,7521
2008,Tibetan,20079
2008,Togo,16750
2008,Tunisia,2349
2008,Turkey,214378
2008,Uganda,7548
2008,Ukraine,28424
2008,United Rep. of Tanzania,1270
2008,United States of America,2137
2008,Uzbekistan,6308
2008,Various/Unknown,190692
2008,Venezuela (Bolivarian Republic of),5807
2008,Viet Nam,328183
2008,Western Sahara,116530
2008,Yemen,1777
2008,Zimbabwe,16841
2009,Afghanistan,2887123
2009,Albania,15711
2009,Algeria,8185
2009,Angola,141021
2009,Armenia,18000
2009,Azerbaijan,16939
2009,Bangladesh,10432
2009,Belarus,5525
2009,Bhutan,89070
2009,Bosnia and Herzegovina,70018
2009,Bulgaria,2745
2009,Burundi,94239
2009,Cambodia,17025
2009,Cameroon,14766
2009,Central African Rep.,159554
2009,Chad,55014
2009,Chile,1312
2009,China,180558
2009,Colombia,389753
2009,Congo,20544
2009,Croatia,76478
2009,Cuba,7549
2009,Czech Rep.,1067
2009,Côte d'Ivoire,23153
2009,Dem. Rep. of the Congo,455852
2009,Ecuador,1027
2009,Egypt,6990
2009,El Salvador,5051
2009,Eritrea,209168
2009,Ethiopia,62889
2009,Fiji,1892
2009,Gambia,1973
2009,Georgia,15020
2009,Ghana,14893
2009,Guatemala,5768
2009,Guinea,10920
2009,Guinea-Bissau,1109
2009,Haiti,24116
2009,Honduras,1166
2009,Hungary,1537
2009,India,19514
2009,Indonesia,18213
2009,Iran (Islamic Rep. of),72774
2009,Iraq,1785212
2009,Israel,1310
2009,Jordan,2129
2009,Kazakhstan,3744
2009,Kenya,9620
2009,Kyrgyzstan,2612
2009,Lao People's Dem. Rep.,8398
2009,Lebanon,16260
2009,Liberia,71599
2009,Libya,2202
2009,Mali,2926
2009,Mauritania,39143
2009,Mexico,6435
2009,Mongolia,1495
2009,Montenegro,2582
2009,Morocco,2286
2009,Myanmar,406669
2009,Nepal,5108
2009,Nicaragua,1478
2009,Nigeria,15609
2009,Pakistan,35132
2009,Palestinian,95201
2009,Peru,6271
2009,Poland,2059
2009,Rep. of Moldova,5925
2009,Romania,4358
2009,Russian Federation,109455
2009,Rwanda,129109
2009,Senegal,16305
2009,Serbia and Kosovo (S/RES/1244 (1999)),195626
2009,Sierra Leone,15417
2009,Somalia,678309
2009,Sri Lanka,145721
2009,Stateless,15866
2009,Sudan,368195
2009,Syria,17914
2009,The former Yugoslav Republic of Macedonia,7926
2009,Tibetan,20080
2009,Togo,18378
2009,Tunisia,2260
2009,Turkey,146387
2009,Uganda,7554
2009,Ukraine,24522
2009,United Rep. of Tanzania,1204
2009,United States of America,2368
2009,Uzbekistan,6669
2009,Various/Unknown,186684
2009,Venezuela (Bolivarian Republic of),6221
2009,Viet Nam,339289
2009,Western Sahara,116474
2009,Yemen,1934
2009,Zimbabwe,22449
2010,Afghanistan,3054709
2010,Albania,14772
2010,Algeria,6689
2010,Angola,134858
2010,Armenia,17547
2010,Azerbaijan,16753
2010,Bangladesh,10049
2010,Belarus,5743
2010,Bhutan,75070
2010,Bosnia and Herzegovina,63004
2010,Bulgaria,2559
2010,Burkina Faso,1145
2010,Burundi,84064
2010,Cambodia,16314
2010,Cameroon,14963
2010,Central African Rep.,164905
2010,Chad,53733
2010,Chile,1170
2010,China,184602
2010,Colombia,395577
2010,Congo,20679
2010,Croatia,65861
2010,Cuba,7477
2010,Côte d'Ivoire,41758
2010,Dem. Rep. of the Congo,476693
2010,Egypt,6913
2010,El Salvador,4976
2010,Eritrea,222460
2010,Ethiopia,68848
2010,Fiji,1851
2010,Gambia,2242
2010,Georgia,10640
2010,Ghana,20203
2010,Guatemala,5679
2010,Guinea,11985
2010,Guinea-Bissau,1127
2010,Haiti,25892
2010,Honduras,1302
2010,Hungary,1438
2010,India,17769
2010,Indonesia,16892
2010,Iran (Islamic Rep. of),68791
2010,Iraq,1683579
2010,Israel,1301
2010,Jamaica,1057
2010,Jordan,2254
2010,Kazakhstan,3632
2010,Kenya,8602
2010,Kyrgyzstan,2744
2010,Lao People's Dem. Rep.,8414
2010,Lebanon,15869
2010,Liberia,70129
2010,Libya,2309
2010,Mali,3663
2010,Mauritania,37733
2010,Mexico,6816
2010,Mongolia,1724
2010,Montenegro,3246
2010,Morocco,2284
2010,Myanmar,415670
2010,Namibia,1017
2010,Nepal,5889
2010,Nicaragua,1431
2010,Nigeria,15642
2010,Pakistan,39982
2010,Palestinian,93323
2010,Peru,5834
2010,Poland,1764
2010,Rep. of Moldova,6200
2010,Romania,3934
2010,Russian Federation,111948
2010,Rwanda,115524
2010,Senegal,16267
2010,Serbia and Kosovo (S/RES/1244 (1999)),183289
2010,Sierra Leone,11275
2010,Somalia,770154
2010,Sri Lanka,141074
2010,Stateless,16910
2010,Sudan,387288
2010,Syria,18452
2010,The former Yugoslav Republic of Macedonia,7889
2010,Tibetan,15082
2010,Togo,18330
2010,Tunisia,2174
2010,Turkey,146794
2010,Uganda,6441
2010,Ukraine,25111
2010,United Rep. of Tanzania,1144
2010,United States of America,3026
2010,Uzbekistan,8840
2010,Various/Unknown,167117
2010,Venezuela (Bolivarian Republic of),6701
2010,Viet Nam,338698
2010,Western Sahara,116415
2010,Yemen,2076
2010,Zimbabwe,24089
2011,Afghanistan,2664436
2011,Albania,13551
2011,Algeria,6121
2011,Angola,128664
2011,Armenia,16487
2011,Azerbaijan,16162
2011,Bangladesh,10056
2011,Belarus,5925
2011,Bhutan,57989
2011,Bosnia and Herzegovina,58578
2011,Brazil,1045
2011,Bulgaria,2327
2011,Burkina Faso,1271
2011,Burundi,101288
2011,Cambodia,15205
2011,Cameroon,15163
2011,Central African Rep.,162862
2011,Chad,42640
2011,Chile,1189
2011,China,190369
2011,Colombia,395949
2011,Congo,12839
2011,Croatia,62649
2011,Cuba,7856
2011,Côte d'Ivoire,154824
2011,North Korea,1052
2011,Dem. Rep. of the Congo,491481
2011,Egypt,7936
2011,El Salvador,6720
2011,Eritrea,251954
2011,Ethiopia,70610
2011,Fiji,1579
2011,Gambia,2583
2011,Georgia,10112
2011,Ghana,20361
2011,Guatemala,6088
2011,Guinea,13161
2011,Guinea-Bissau,1123
2011,Haiti,33661
2011,Honduras,1966
2011,Hungary,1238
2011,India,16232
2011,Indonesia,16079
2011,Iran (Islamic Rep. of),72361
2011,Iraq,1428308
2011,Israel,1335
2011,Jamaica,1250
2011,Jordan,2250
2011,Kazakhstan,3500
2011,Kenya,8745
2011,Kuwait,1120
2011,Kyrgyzstan,3162
2011,Lao People's Dem. Rep.,8088
2011,Lebanon,15013
2011,Liberia,66780
2011,Libya,4384
2011,Mali,4295
2011,Mauritania,39929
2011,Mexico,7472
2011,Mongolia,1985
2011,Montenegro,3698
2011,Morocco,2312
2011,Myanmar,414626
2011,Namibia,1073
2011,Nepal,6854
2011,Nicaragua,1468
2011,Nigeria,17141
2011,Pakistan,35952
2011,Palestinian,94150
2011,Peru,5491
2011,Poland,1815
2011,Rep. of Moldova,6264
2011,Romania,3428
2011,Russian Federation,109785
2011,Rwanda,106833
2011,Saint Vincent and the Grenadines,1127
2011,Senegal,17722
2011,Serbia and Kosovo (S/RES/1244 (1999)),161671
2011,Sierra Leone,8002
2011,Somalia,1077048
2011,Sri Lanka,136617
2011,Stateless,18172
2011,Sudan,500014
2011,Syria,19931
2011,The former Yugoslav Republic of Macedonia,7684
2011,Tibetan,15068
2011,Togo,17871
2011,Tunisia,1952
2011,Turkey,139779
2011,Uganda,5680
2011,Ukraine,25379
2011,United Rep. of Tanzania,1163
2011,United States of America,3778
2011,Uzbekistan,12664
2011,Various/Unknown,145048
2011,Venezuela (Bolivarian Republic of),7577
2011,Viet Nam,337829
2011,Western Sahara,116413
2011,Yemen,2323
2011,Zimbabwe,25048
2012,Afghanistan,2586152
2012,Albania,12568
2012,Algeria,5677
2012,Angola,19258
2012,Armenia,15935
2012,Azerbaijan,15537
2012,Bangladesh,10161
2012,Belarus,6191
2012,Bhutan,41590
2012,Bosnia and Herzegovina,51822
2012,Brazil,1076
2012,Bulgaria,2147
2012,Burkina Faso,1460
2012,Burundi,73363
2012,Cambodia,14024
2012,Cameroon,13382
2012,Central African Rep.,164568
2012,Chad,39694
2012,Chile,1152
2012,China,193453
2012,Colombia,394117
2012,Congo,12119
2012,Croatia,62606
2012,Cuba,7731
2012,Côte d'Ivoire,100720
2012,North Korea,1132
2012,Dem. Rep. of the Congo,509290
2012,Egypt,10020
2012,El Salvador,8171
2012,Eritrea,285371
2012,Ethiopia,74968
2012,Fiji,1317
2012,Gambia,3076
2012,Georgia,9261
2012,Ghana,24298
2012,Guatemala,6388
2012,Guinea,14061
2012,Guinea-Bissau,1180
2012,Haiti,38568
2012,Honduras,2613
2012,Hungary,1087
2012,India,14258
2012,Indonesia,15523
2012,Iran (Islamic Rep. of),75940
2012,Iraq,746206
2012,Israel,1340
2012,Jamaica,1407
2012,Jordan,2368
2012,Kazakhstan,3571
2012,Kenya,8950
2012,Kuwait,1197
2012,Kyrgyzstan,3489
2012,Lao People's Dem. Rep.,7984
2012,Lebanon,15106
2012,Liberia,23428
2012,Libya,5251
2012,Mali,149943
2012,Mauritania,33765
2012,Mexico,8435
2012,Mongolia,2114
2012,Montenegro,4054
2012,Morocco,2407
2012,Myanmar,415371
2012,Namibia,1098
2012,Nepal,7612
2012,Nicaragua,1531
2012,Nigeria,18021
2012,Pakistan,49785
2012,Palestinian,94918
2012,Peru,5212
2012,Poland,1640
2012,Rep. of Moldova,6148
2012,Romania,2807
2012,Russian Federation,110588
2012,Rwanda,97373
2012,Saint Vincent and the Grenadines,1316
2012,Senegal,18724
2012,Serbia and Kosovo (S/RES/1244 (1999)),158908
2012,Sierra Leone,6202
2012,Somalia,1136719
2012,South Sudan,87009
2012,Sri Lanka,132731
2012,Stateless,19673
2012,Sudan,568943
2012,Syria,729022
2012,The former Yugoslav Republic of Macedonia,7589
2012,Tibetan,15000
2012,Togo,15693
2012,Tunisia,1935
2012,Turkey,135372
2012,Uganda,5608
2012,Ukraine,25256
2012,United Rep. of Tanzania,1122
2012,United States of America,4456
2012,Uzbekistan,11593
2012,Various/Unknown,132807
2012,Venezuela (Bolivarian Republic of),8208
2012,Viet Nam,336939
2012,Western Sahara,116452
2012,Yemen,2594
2012,Zimbabwe,22101
2013,Afghanistan,2556502
2013,Albania,10103
2013,Algeria,3660
2013,Angola,10286
2013,Armenia,11998
2013,Azerbaijan,10814
2013,Bangladesh,9728
2013,Belarus,4397
2013,Bhutan,31567
2013,Bosnia and Herzegovina,26790
2013,Bulgaria,1880
2013,Burkina Faso,1584
2013,Burundi,72647
2013,Cambodia,13747
2013,Cameroon,11427
2013,Central African Rep.,252867
2013,Chad,48640
2013,China,195133
2013,Colombia,396717
2013,Congo,11753
2013,Croatia,49756
2013,Cuba,7460
2013,Côte d'Ivoire,85652
2013,North Korea,1167
2013,Dem. Rep. of the Congo,499563
2013,Egypt,12810
2013,El Salvador,9635
2013,Eritrea,308236
2013,Ethiopia,77122
2013,Fiji,1112
2013,Gambia,3397
2013,Georgia,6778
2013,Ghana,21078
2013,Guatemala,6615
2013,Guinea,14561
2013,Guinea-Bissau,1223
2013,Haiti,38659
2013,Honduras,3300
2013,Hungary,1220
2013,India,11041
2013,Indonesia,14786
2013,Iran (Islamic Rep. of),75070
2013,Iraq,401466
2013,Israel,1041
2013,Jamaica,1503
2013,Jordan,1632
2013,Kazakhstan,2123
2013,Kenya,8586
2013,Kyrgyzstan,2301
2013,Lao People's Dem. Rep.,7745
2013,Lebanon,3819
2013,Liberia,17558
2013,Libya,3314
2013,Mali,152828
2013,Mauritania,34252
2013,Mexico,9390
2013,Mongolia,2059
2013,Morocco,1308
2013,Myanmar,479606
2013,Namibia,1143
2013,Nepal,8110
2013,Nicaragua,1538
2013,Nigeria,31176
2013,Pakistan,48686
2013,Palestinian,96044
2013,Peru,4768
2013,Poland,1429
2013,Rep. of Moldova,2207
2013,Romania,2330
2013,Russian Federation,74316
2013,Rwanda,83955
2013,Saint Vincent and the Grenadines,1535
2013,Senegal,19822
2013,Serbia and Kosovo (S/RES/1244 (1999)),48725
2013,Sierra Leone,5311
2013,Somalia,1121770
2013,South Sudan,114470
2013,Sri Lanka,123084
2013,Stateless,20202
2013,Sudan,648942
2013,Syria,2468332
2013,The former Yugoslav Republic of Macedonia,1628
2013,Tibetan,15065
2013,Togo,10319
2013,Tunisia,1363
2013,Turkey,66575
2013,Uganda,8176
2013,Ukraine,5163
2013,United Rep. of Tanzania,1040
2013,United States of America,4760
2013,Uzbekistan,4952
2013,Various/Unknown,107207
2013,Venezuela (Bolivarian Republic of),8395
2013,Viet Nam,314107
2013,Western Sahara,116504
2013,Yemen,2428
2013,Zimbabwe,19734
2014,Afghanistan,2596270
2014,Albania,10158
2014,Algeria,3524
2014,Angola,9484
2014,Armenia,11848
2014,Azerbaijan,10515
2014,Bangladesh,10883
2014,Belarus,4300
2014,Bhutan,23642
2014,Bosnia and Herzegovina,21888
2014,Bulgaria,1648
2014,Burkina Faso,1857
2014,Burundi,72493
2014,Cambodia,13071
2014,Cameroon,10766
2014,Central African Rep.,412041
2014,Chad,48258
2014,China,210802
2014,Colombia,360298
2014,Congo,14500
2014,Croatia,40122
2014,Cuba,7502
2014,Czech Rep.,1327
2014,Côte d'Ivoire,71966
2014,North Korea,1282
2014,Dem. Rep. of the Congo,516771
2014,Egypt,15903
2014,El Salvador,10965
2014,Eritrea,363092
2014,Ethiopia,86870
2014,Gambia,5136
2014,Georgia,6681
2014,Ghana,22145
2014,Guatemala,7483
2014,Guinea,15252
2014,Guinea-Bissau,1307
2014,Haiti,37162
2014,Honduras,4159
2014,Hungary,1267
2014,India,10436
2014,Indonesia,14408
2014,Iran (Islamic Rep. of),82191
2014,Iraq,369954
2014,Jamaica,1692
2014,Jordan,1718
2014,Kazakhstan,2224
2014,Kenya,8553
2014,Kyrgyzstan,2451
2014,Lao People's Dem. Rep.,7482
2014,Lebanon,4273
2014,Liberia,13572
2014,Libya,4203
2014,Mali,139267
2014,Mauritania,34113
2014,Mexico,10666
2014,Mongolia,2163
2014,Morocco,1539
2014,Myanmar,479006
2014,Namibia,1253
2014,Nepal,8563
2014,Nicaragua,1587
2014,Nigeria,90947
2014,Pakistan,335961
2014,Palestinian,97212
2014,Peru,4343
2014,Poland,1310
2014,Rep. of Moldova,2233
2014,Romania,1918
2014,Russian Federation,70562
2014,Rwanda,79408
2014,Saint Vincent and the Grenadines,1736
2014,Senegal,23118
2014,Serbia and Kosovo (S/RES/1244 (1999)),45733
2014,Sierra Leone,4993
2014,Somalia,1106434
2014,South Sudan,616211
2014,Sri Lanka,122010
2014,Stateless,27915
2014,Sudan,665967
2014,Syria,3887491
2014,The former Yugoslav Republic of Macedonia,1759
2014,Tibetan,15069
2014,Togo,9276
2014,Tunisia,1485
2014,Turkey,63892
2014,Uganda,7191
2014,Ukraine,237625
2014,United States of America,4987
2014,Uzbekistan,4795
2014,Various/Unknown,101141
2014,Venezuela (Bolivarian Republic of),8009
2014,Viet Nam,313418
2014,Western Sahara,116482
2014,Yemen,2631
2014,Zimbabwe,22492
2015,Afghanistan,2666305
2015,Albania,10408
2015,Algeria,3490
2015,Angola,11869
2015,Armenia,11214
2015,Azerbaijan,9710
2015,Bangladesh,12173
2015,Belarus,4125
2015,Bhutan,17720
2015,Bosnia and Herzegovina,18769
2015,Bulgaria,1269
2015,Burkina Faso,2148
2015,Burundi,292764
2015,Cambodia,12803
2015,Cameroon,10586
2015,Central African Rep.,471105
2015,Chad,14940
2015,China,212912
2015,Colombia,340127
2015,Congo,14781
2015,Croatia,33451
2015,Cuba,6833
2015,Czech Rep.,1285
2015,Côte d'Ivoire,71115
2015,North Korea,1101
2015,Dem. Rep. of the Congo,541496
2015,Djibouti,1069
2015,Ecuador,1009
2015,Egypt,17926
2015,El Salvador,14778
2015,Eritrea,407449
2015,Ethiopia,85839
2015,Gambia,8492
2015,Georgia,6493
2015,Ghana,22978
2015,Guatemala,10284
2015,Guinea,17005
2015,Guinea-Bissau,1471
2015,Haiti,34774
2015,Honduras,6851
2015,Hungary,1443
2015,India,9881
2015,Indonesia,13956
2015,Iran (Islamic Rep. of),84950
2015,Iraq,264094
2015,Jamaica,1868
2015,Jordan,1841
2015,Kazakhstan,2267
2015,Kenya,7906
2015,Kuwait,1085
2015,Kyrgyzstan,2502
2015,Lao People's Dem. Rep.,7363
2015,Lebanon,4369
2015,Liberia,9991
2015,Libya,6090
2015,Mali,154213
2015,Mauritania,34660
2015,Mexico,11333
2015,Mongolia,2199
2015,Morocco,1786
2015,Myanmar,451805
2015,Namibia,1277
2015,Nepal,9063
2015,Nicaragua,1476
2015,Niger,1390
2015,Nigeria,167989
2015,Pakistan,297899
2015,Palestinian,98018
2015,Peru,3599
2015,Poland,1297
2015,Rep. of Moldova,2289
2015,Romania,1735
2015,Russian Federation,67020
2015,Rwanda,286366
2015,Saint Lucia,1011
2015,Saint Vincent and the Grenadines,1823
2015,Senegal,21280
2015,Serbia and Kosovo (S/RES/1244 (1999)),38628
2015,Sierra Leone,4904
2015,Somalia,1123156
2015,South Sudan,778718
2015,Sri Lanka,121443
2015,Stateless,37416
2015,Sudan,627087
2015,Syria,4873243
2015,The former Yugoslav Republic of Macedonia,1777
2015,Tibetan,15071
2015,Togo,8785
2015,Tunisia,1567
2015,Turkey,59558
2015,Uganda,6316
2015,Ukraine,321418
2015,United States of America,4832
2015,Uzbekistan,4206
2015,Various/Unknown,120132
2015,Venezuela (Bolivarian Republic of),7454
2015,Viet Nam,313155
2015,Western Sahara,116547
2015,Yemen,15897
2015,Zimbabwe,21344
2016,Afghanistan,2501445
2016,Albania,11065
2016,Algeria,3726
2016,Angola,8404
2016,Armenia,10719
2016,Azerbaijan,10112
2016,Bangladesh,13850
2016,Belarus,3840
2016,Bhutan,11757
2016,Bosnia and Herzegovina,18199
2016,Burkina Faso,2357
2016,Burundi,408085
2016,Cambodia,12429
2016,Cameroon,10374
2016,Central African Rep.,490892
2016,Chad,14193
2016,China,207772
2016,Colombia,311062
2016,Congo,13302
2016,Croatia,26230
2016,Cuba,5948
2016,Czech Rep.,1271
2016,Côte d'Ivoire,46813
2016,North Korea,1422
2016,Dem. Rep. of the Congo,537473
2016,Djibouti,1440
2016,Ecuador,1046
2016,Egypt,19796
2016,El Salvador,19614
2016,Eritrea,459430
2016,Ethiopia,83966
2016,Gambia,11600
2016,Georgia,6403
2016,Ghana,15541
2016,Guatemala,12554
2016,Guinea,17548
2016,Guinea-Bissau,1653
2016,Haiti,29684
2016,Honduras,10507
2016,Hungary,2909
2016,India,7291
2016,Indonesia,13064
2016,Iran (Islamic Rep. of),94094
2016,Iraq,316030
2016,Jamaica,2005
2016,Jordan,1933
2016,Kazakhstan,2364
2016,Kenya,7535
2016,Kuwait,1021
2016,Kyrgyzstan,2573
2016,Lao People's Dem. Rep.,7232
2016,Lebanon,4740
2016,Liberia,6573
2016,Libya,8836
2016,Mali,156428
2016,Mauritania,36266
2016,Mexico,10385
2016,Mongolia,2285
2016,Morocco,2262
2016,Myanmar,490289
2016,Namibia,1366
2016,Nepal,8377
2016,Nicaragua,1419
2016,Niger,1235
2016,Nigeria,229311
2016,Pakistan,105428
2016,Palestinian,97796
2016,Peru,2609
2016,Poland,1159
2016,Rep. of Moldova,2318
2016,Romania,1199
2016,Russian Federation,62759
2016,Rwanda,286073
2016,Saint Vincent and the Grenadines,1333
2016,Senegal,23061
2016,Serbia and Kosovo (S/RES/1244 (1999)),36933
2016,Sierra Leone,4679
2016,Somalia,1012323
2016,South Sudan,1436719
2016,Sri Lanka,117479
2016,Stateless,48683
2016,Sudan,650640
2016,Syria,5524377
2016,The former Yugoslav Republic of Macedonia,1738
2016,Tibetan,13534
2016,Togo,8310
2016,Tunisia,1700
2016,Turkey,57925
2016,Uganda,6233
2016,Ukraine,239075
2016,Uzbekistan,3836
2016,Various/Unknown,138786
2016,Venezuela (Bolivarian Republic of),7537
2016,Viet Nam,329351
2016,Western Sahara,116649
2016,Yemen,18452
2016,Zimbabwe,18156
2017,Afghanistan,2624225
2017,Albania,12163
2017,Algeria,3991
2017,Angola,8267
2017,Armenia,10766
2017,Azerbaijan,10878
2017,Bangladesh,16755
2017,Belarus,3635
2017,Bhutan,7929
2017,Bosnia and Herzegovina,17669
2017,Burkina Faso,2679
2017,Burundi,439280
2017,Cambodia,12213
2017,Cameroon,10982
2017,Central African Rep.,545498
2017,Chad,16295
2017,China,207691
2017,Colombia,191607
2017,Congo,13225
2017,Croatia,24859
2017,Cuba,5316
2017,Czech Rep.,1272
2017,Côte d'Ivoire,39939
2017,North Korea,1161
2017,Dem. Rep. of the Congo,620775
2017,Djibouti,1741
2017,Ecuador,1236
2017,Egypt,22056
2017,El Salvador,25861
2017,Eritrea,486169
2017,Ethiopia,87388
2017,Gambia,14539
2017,Georgia,6485
2017,Ghana,16929
2017,Guatemala,16274
2017,Guinea,20313
2017,Guinea-Bissau,1855
2017,Haiti,28414
2017,Honduras,14404
2017,Hungary,3331
2017,India,7891
2017,Indonesia,12480
2017,Iran (Islamic Rep. of),118595
2017,Iraq,362506
2017,Jamaica,2209
2017,Jordan,2099
2017,Kazakhstan,2386
2017,Kenya,7547
2017,Kuwait,1082
2017,Kyrgyzstan,2756
2017,Lao People's Dem. Rep.,7051
2017,Lebanon,5287
2017,Liberia,5989
2017,Libya,11185
2017,Mali,150285
2017,Mauritania,36495
2017,Mexico,11659
2017,Mongolia,2207
2017,Morocco,3064
2017,Myanmar,1156732
2017,Namibia,1358
2017,Nepal,8399
2017,Nicaragua,1467
2017,Niger,1343
2017,Nigeria,238942
2017,Pakistan,128886
2017,Palestinian,99585
2017,Peru,2578
2017,Poland,1108
2017,Rep. of Moldova,2314
2017,Romania,1200
2017,Russian Federation,61569
2017,Rwanda,258956
2017,Saint Vincent and the Grenadines,1301
2017,Saudi Arabia,1169
2017,Senegal,26559
2017,Serbia and Kosovo (S/RES/1244 (1999)),35072
2017,Sierra Leone,4436
2017,Somalia,986356
2017,South Sudan,2439868
2017,Sri Lanka,115612
2017,Stateless,53342
2017,Sudan,694506
2017,Syria,6308619
2017,Tajikistan,1354
2017,The former Yugoslav Republic of Macedonia,1633
2017,Tibetan,13531
2017,Togo,8100
2017,Tunisia,1806
2017,Turkey,61338
2017,Uganda,6369
2017,Ukraine,139561
2017,Uzbekistan,3380
2017,Various/Unknown,202185
2017,Venezuela (Bolivarian Republic of),9247
2017,Viet Nam,334044
2017,Western Sahara,116758
2017,Yemen,23500
2017,Zimbabwe,17390
